<?xml version="1.0" encoding="UTF-8"?>
<!-- generated for COMP335@MQ, S1, 2019 -->
<!-- generated by: Y. C. Lee -->
<config randomSeed="123456"> 
  <!-- define server types 
  Min memory per core is 200MB and the total memory capacity should be the min of 1000MB so as min disk per core -->
  
  <servers>
	<server type="large_sydney" limit="2" bootupTime="60" hourlyRate="0.8" coreCount="8" memory="32000" disk="256000" />
	<server type="large_melbourne" limit="2" bootupTime="60" hourlyRate="0.8" coreCount="8" memory="32000" disk="256000" />
	<server type="large_brisbane" limit="2" bootupTime="60" hourlyRate="0.8" coreCount="8" memory="32000" disk="256000" />
	<server type="large_canberra" limit="2" bootupTime="60" hourlyRate="0.8" coreCount="8" memory="32000" disk="256000" />
	<server type="large_adelaide" limit="2" bootupTime="60" hourlyRate="0.8" coreCount="8" memory="32000" disk="256000" />
	<server type="large_perth" limit="2" bootupTime="60" hourlyRate="0.8" coreCount="8" memory="32000" disk="256000" />
	<server type="large_darwin" limit="2" bootupTime="60" hourlyRate="0.8" coreCount="8" memory="32000" disk="256000" />
	<server type="large_hobart" limit="2" bootupTime="60" hourlyRate="0.8" coreCount="8" memory="32000" disk="256000" />
	<server type="tiny" limit="10" bootupTime="20" hourlyRate="0.1" coreCount="1" memory="1000" disk="4000" />
	<server type="large_jakarta" limit="2" bootupTime="60" hourlyRate="0.8" coreCount="8" memory="32000" disk="256000" />
	<server type="large_bali" limit="2" bootupTime="60" hourlyRate="0.8" coreCount="8" memory="32000" disk="256000" />
	<server type="large_seoul" limit="2" bootupTime="60" hourlyRate="0.8" coreCount="8" memory="32000" disk="256000" />
	<server type="large_busan" limit="2" bootupTime="60" hourlyRate="0.8" coreCount="8" memory="32000" disk="256000" />
	<server type="large_beijing" limit="2" bootupTime="60" hourlyRate="0.8" coreCount="8" memory="32000" disk="256000" />
	<server type="large_shanghai" limit="2" bootupTime="60" hourlyRate="0.8" coreCount="8" memory="32000" disk="256000" />
	<server type="large_nanjing" limit="2" bootupTime="60" hourlyRate="0.8" coreCount="8" memory="32000" disk="256000" />
	<server type="large_singapore" limit="2" bootupTime="60" hourlyRate="0.8" coreCount="8" memory="32000" disk="256000" />
	<server type="2xlarge" limit="2" bootupTime="60" hourlyRate="3.2" coreCount="32" memory="128000" disk="1024000" />
	<server type="large_berlin" limit="2" bootupTime="60" hourlyRate="0.8" coreCount="8" memory="32000" disk="256000" />
	<server type="large_london" limit="2" bootupTime="60" hourlyRate="0.8" coreCount="8" memory="32000" disk="256000" />
	<server type="large_auckland" limit="2" bootupTime="60" hourlyRate="0.8" coreCount="8" memory="32000" disk="256000" />
	<server type="large_bangkok" limit="2" bootupTime="60" hourlyRate="0.8" coreCount="8" memory="32000" disk="256000" />
	<server type="large_hanoi" limit="2" bootupTime="60" hourlyRate="0.8" coreCount="8" memory="32000" disk="256000" />
	<server type="large_brussel" limit="2" bootupTime="60" hourlyRate="0.8" coreCount="8" memory="32000" disk="256000" />
	<server type="large_newyork" limit="2" bootupTime="50" hourlyRate="0.85" coreCount="8" memory="32000" disk="256000" />
	<server type="large_virginia" limit="2" bootupTime="50" hourlyRate="0.85" coreCount="8" memory="32000" disk="256000" />
	<server type="large_toronto" limit="2" bootupTime="60" hourlyRate="0.8" coreCount="8" memory="32000" disk="256000" />
	<server type="large_rio" limit="2" bootupTime="60" hourlyRate="0.8" coreCount="8" memory="32000" disk="256000" />
	<server type="large_moscow" limit="2" bootupTime="60" hourlyRate="0.8" coreCount="8" memory="32000" disk="256000" />
	<server type="medium" limit="6" bootupTime="40" hourlyRate="0.4" coreCount="4" memory="16000" disk="64000" />
	<server type="xlarge" limit="4" bootupTime="60" hourlyRate="1.6" coreCount="16" memory="64000" disk="512000" />
	<server type="4xlarge" limit="4" bootupTime="120" hourlyRate="6.4" coreCount="64" memory="256000" disk="2048000" />
	<server type="large_rome" limit="2" bootupTime="60" hourlyRate="0.8" coreCount="8" memory="32000" disk="256000" />
	<server type="large_madrid" limit="2" bootupTime="60" hourlyRate="0.8" coreCount="8" memory="32000" disk="256000" />
	<server type="large_athens" limit="2" bootupTime="60" hourlyRate="0.8" coreCount="8" memory="32000" disk="256000" />
	<server type="small" limit="10" bootupTime="30" hourlyRate="0.2" coreCount="2" memory="4000" disk="16000" />
	<server type="8xlarge" limit="5" bootupTime="120" hourlyRate="12.8" coreCount="128" memory="256000" disk="2048000" />
	
	<server type="new_large_sydney" limit="2" bootupTime="30" hourlyRate="1.0" coreCount="10" memory="32000" disk="256000" />
	<server type="new_large_melbourne" limit="2" bootupTime="30" hourlyRate="1.0" coreCount="10" memory="32000" disk="256000" />
	<server type="new_large_brisbane" limit="2" bootupTime="30" hourlyRate="1.0" coreCount="10" memory="32000" disk="256000" />
	<server type="new_large_canberra" limit="2" bootupTime="30" hourlyRate="1.0" coreCount="10" memory="32000" disk="256000" />
	<server type="new_large_adelaide" limit="2" bootupTime="30" hourlyRate="1.0" coreCount="10" memory="32000" disk="256000" />
	<server type="new_large_perth" limit="2" bootupTime="30" hourlyRate="1.0" coreCount="10" memory="32000" disk="256000" />
	<server type="new_large_darwin" limit="2" bootupTime="30" hourlyRate="1.0" coreCount="10" memory="32000" disk="256000" />
	<server type="new_large_hobart" limit="2" bootupTime="30" hourlyRate="1.0" coreCount="10" memory="32000" disk="256000" />
	<server type="new_tiny" limit="10" bootupTime="10" hourlyRate="0.15" coreCount="2" memory="1000" disk="4000" />
	<server type="new_large_jakarta" limit="2" bootupTime="30" hourlyRate="1.0" coreCount="10" memory="32000" disk="256000" />
	<server type="new_large_bali" limit="2" bootupTime="30" hourlyRate="1.0" coreCount="10" memory="32000" disk="256000" />
	<server type="new_large_seoul" limit="2" bootupTime="30" hourlyRate="1.0" coreCount="10" memory="32000" disk="256000" />
	<server type="new_large_busan" limit="2" bootupTime="30" hourlyRate="1.0" coreCount="10" memory="32000" disk="256000" />
	<server type="new_large_beijing" limit="2" bootupTime="30" hourlyRate="1.0" coreCount="10" memory="32000" disk="256000" />
	<server type="new_large_shanghai" limit="2" bootupTime="30" hourlyRate="1.0" coreCount="10" memory="32000" disk="256000" />
	<server type="new_large_nanjing" limit="2" bootupTime="30" hourlyRate="1.0" coreCount="10" memory="32000" disk="256000" />
	<server type="new_large_singapore" limit="2" bootupTime="30" hourlyRate="1.0" coreCount="10" memory="32000" disk="256000" />
	<server type="new_2xlarge" limit="2" bootupTime="30" hourlyRate="4.0" coreCount="40" memory="128000" disk="1024000" />
	<server type="new_large_berlin" limit="2" bootupTime="30" hourlyRate="1.0" coreCount="10" memory="32000" disk="256000" />
	<server type="new_large_london" limit="2" bootupTime="30" hourlyRate="1.0" coreCount="10" memory="32000" disk="256000" />
	<server type="new_large_auckland" limit="2" bootupTime="30" hourlyRate="1.0" coreCount="10" memory="32000" disk="256000" />
	<server type="new_large_bangkok" limit="2" bootupTime="30" hourlyRate="1.0" coreCount="10" memory="32000" disk="256000" />
	<server type="new_large_hanoi" limit="2" bootupTime="30" hourlyRate="1.0" coreCount="10" memory="32000" disk="256000" />
	<server type="new_large_brussel" limit="2" bootupTime="30" hourlyRate="1.0" coreCount="10" memory="32000" disk="256000" />
	<server type="new_large_newyork" limit="2" bootupTime="25" hourlyRate="1.1" coreCount="10" memory="40000" disk="256000" />
	<server type="new_large_virginia" limit="2" bootupTime="25" hourlyRate="1.1" coreCount="10" memory="40000" disk="256000" />
	<server type="new_large_toronto" limit="2" bootupTime="30" hourlyRate="1.0" coreCount="10" memory="32000" disk="256000" />
	<server type="new_large_rio" limit="2" bootupTime="30" hourlyRate="1.0" coreCount="10" memory="32000" disk="256000" />
	<server type="new_large_moscow" limit="2" bootupTime="30" hourlyRate="1.0" coreCount="10" memory="32000" disk="256000" />
	<server type="new_medium" limit="6" bootupTime="20" hourlyRate="0.6" coreCount="6" memory="16000" disk="64000" />
	<server type="new_xlarge" limit="4" bootupTime="30" hourlyRate="2.0" coreCount="20" memory="64000" disk="512000" />
	<server type="new_4xlarge" limit="4" bootupTime="60" hourlyRate="6.4" coreCount="80" memory="256000" disk="2048000" />
	<server type="new_large_rome" limit="2" bootupTime="30" hourlyRate="1.0" coreCount="10" memory="32000" disk="256000" />
	<server type="new_large_madrid" limit="2" bootupTime="30" hourlyRate="1.0" coreCount="10" memory="32000" disk="256000" />
	<server type="new_large_athens" limit="2" bootupTime="30" hourlyRate="1.0" coreCount="10" memory="32000" disk="256000" />
	<server type="new_small" limit="10" bootupTime="15" hourlyRate="0.3" coreCount="3" memory="4000" disk="16000" />
	<server type="new_8xlarge" limit="5" bootupTime="60" hourlyRate="16.0" coreCount="160" memory="256000" disk="2048000" />
  </servers>
  <!-- define job types -->
  <!-- the sum of ratio values must be 100 (100%) -->
  <!-- minRunTime and maxRunTime must be 1 or greater bounded by INT_MAX -->
  <jobs>
	<job type="instant" minRunTime="1" maxRunTime="30" populationRate="30" />
	<job type="short" minRunTime="11" maxRunTime="180" populationRate="50" />
	<job type="medium" minRunTime="301" maxRunTime="900" populationRate="15" />
	<job type="long" minRunTime="1801" maxRunTime="43200" populationRate="5" />
  </jobs>
  <!-- define system load -->
  <!-- attributes: type: workload pattern, minLoad: min load, maxLoad: max load, 
  avgLowTime & avgHighTime: average lightly/heavily loaded period, 
  avgTransitTime: average transition time between low and high (in seconds) -->
  <!-- some other typical cases: moderate (31-60%), heavy (61-90%), overloaded (91%-) and alternating (peaks and valleys) -->
  <!-- alternating load example: type="alternating" minLoad="10" maxLoad="90" avgLowTime="14400" avgTransitTime="10800" avgHighTime="10800" -->
  <!-- transition time will be internally divided into at least three time periods 
  (bounded by 1 hour per divided period) for smooth, realistic transition 
  each load time period must be between one hour and twelve hours (i.e., 3600 - 43200 seconds) -->
  
  <workload type="unusual" minLoad="10" maxLoad="100"/>
  
  <termination>
	<!-- simulation terminates whichever condition meets first -->
	<!-- 60 seconds * 60 minutes * 24 hours * 30 days = 2592000 seconds -->
	<condition type="endtime" value="2592000" />
	<condition type="jobcount" value="2000" />
  </termination>
</config>
